X1,X2,X3,X4,X5,X6,X7,X8,Y1,Y2
0.76,606.9405994097654,294.95670655406815,142.97807422051073,7.0,5,0.25,5,29.65,35.96
0.74,562.7024174917146,416.31666547983593,121.6444141727933,7.0,5,0.4,5,42.65,44.22
0.98,685.8777241125297,344.0666539513673,145.94975429774,7.0,5,0.0,0,11.04,18.19
0.68,807.0415312510336,394.84652857315706,150.16170117207804,7.0,2,0.4,1,32.72,41.72
0.74,654.8590697555079,392.5905837076074,122.93727663210773,7.0,4,0.4,5,38.57,40.14
0.64,629.0835289323155,412.20996570791596,169.7388174679058,3.5,2,0.0,0,21.47,29.55
0.66,583.8039123838868,391.0723628724464,107.23369342090504,7.0,4,0.25,5,43.1,47.65
0.82,657.0089603027216,287.86673093454027,222.63896177239386,3.5,2,0.0,0,6.01,13.01
0.76,770.9012744795513,271.96570751312566,168.6624990828172,7.0,5,0.1,4,20.49,26.85
0.94,605.0247306459283,342.36351573486513,219.64626241192056,7.0,3,0.1,4,16.96,25.07
0.98,806.4261768279727,363.30377735518243,145.451914138507,3.5,4,0.1,0,6.01,10.9
0.86,605.9433788712445,335.0344718573096,196.69103588777753,3.5,4,0.1,3,6.01,14.75
0.82,731.6863084331089,269.06058157977515,173.13574702443313,3.5,2,0.0,0,6.01,10.9
0.74,698.3162105624265,346.71104821880937,217.6470422305489,7.0,2,0.4,1,33.65,39.25
0.94,510.49086078325155,322.65204715679806,123.67371418760054,7.0,5,0.0,0,19.92,25.73
0.66,606.5145646833084,313.8480097068016,171.63712594961206,3.5,2,0.4,1,24.34,31.35
0.86,736.0282506700333,265.1695499449113,145.74876740953414,7.0,2,0.4,3,18.87,27.42
0.94,688.5079818267309,247.8944317469853,144.87033769427399,7.0,5,0.1,0,7.61,19.21
0.82,613.6314413474944,296.54220429772994,218.52923640574863,7.0,3,0.25,4,24.54,33.4
0.62,632.227513690193,418.55993207979236,149.53677904480782,3.5,5,0.0,0,23.02,34.07
0.74,688.6980460079184,363.0051130878842,197.82102443698935,3.5,3,0.0,0,9.39,23.06
0.62,637.4688271507597,315.61095312180163,148.95436000162616,7.0,2,0.4,0,40.64,45.49
0.71,660.8793380555917,345.2210224538432,145.10096190964228,3.5,5,0.25,1,16.18,25.65
0.9,588.4623943577554,412.806840081525,149.7792056562932,7.0,3,0.1,0,23.82,33.33
0.9,678.2428302795468,414.7185203412672,193.63346875709115,7.0,5,0.1,5,21.88,28.07
0.98,567.2948461024663,275.16864296837974,145.6483905315572,3.5,3,0.25,5,6.01,10.9
0.74,510.0343986318539,243.9955482578158,198.42079726627327,7.0,5,0.1,2,28.79,37.3
0.64,812.6438298880244,272.64405923198484,145.74286050504858,7.0,3,0.25,1,28.11,36.28
0.71,512.8287645442482,268.54645928046824,220.86771102881912,3.5,4,0.4,4,23.58,26.52
0.98,768.7185789887592,414.2099869976462,109.72318831026546,7.0,3,0.1,3,12.68,22.11
0.68,525.065560784791,268.00478013188064,122.50362722238935,7.0,2,0.0,0,31.78,37.06
0.94,612.8044830355858,418.497317030893,113.86791365804032,3.5,2,0.25,2,7.66,17.29
0.62,708.0678361697381,416.87279478385716,194.8212704861116,7.0,3,0.0,0,35.92,41.93
0.82,611.5805413113599,243.11089742820465,124.25350929990465,3.5,2,0.4,2,9.89,18.45
0.64,511.15398635909395,370.98581195324033,197.52895647065142,3.5,2,0.25,0,27.09,34.8
0.68,723.729206602412,365.7310414299385,170.9033975536726,7.0,2,0.0,0,27.32,36.79
0.98,622.0615881991998,346.1956812476408,193.9879652370006,3.5,2,0.4,4,6.01,14.42
0.71,762.6417275463214,269.72741367458116,194.64567657697577,3.5,4,0.0,0,6.01,14.18
0.98,738.0692067073771,347.0736423643,220.98993314221744,7.0,2,0.1,2,8.8,18.63
0.71,662.6602496867882,297.1820773895409,220.97497050324387,7.0,2,0.25,0,27.79,38.11
0.98,589.55453782799,298.42606865084866,121.89535151584738,7.0,3,0.1,3,13.21,23.86
0.98,738.8543155073202,389.459198788257,110.15950075252135,7.0,2,0.1,1,11.46,20.93
0.71,614.8681369386378,269.66305173381573,108.8463731149448,3.5,2,0.1,5,12.0,23.25
0.94,804.9915001149609,276.069408799653,120.8834034292897,7.0,5,0.1,1,6.01,15.28
0.71,733.383136004984,387.019647738331,108.95935558160502,3.5,5,0.4,4,18.07,26.45
0.71,738.2444662062677,265.80480769747055,110.62916984032118,7.0,2,0.1,0,23.93,29.72
0.86,662.7933345600511,248.69754263520875,123.18491383601503,3.5,3,0.25,4,6.01,15.11
0.9,762.5052697210576,293.06092887535067,217.30175305492503,3.5,4,0.0,0,6.01,10.9
0.62,702.8294291463219,420.0830304656955,115.54366157272689,3.5,4,0.1,3,22.09,28.37
0.76,649.6962889560544,346.44886923649926,221.5504234253819,7.0,5,0.1,5,30.04,36.28
0.94,586.6529658277772,369.6526267673879,109.2765710079145,3.5,3,0.25,0,7.44,15.01
0.98,616.4820271484816,416.6341232056754,121.53732330144055,3.5,3,0.25,2,6.01,13.91
0.86,687.8329912304843,413.43036064101796,172.9947360632236,3.5,4,0.0,0,6.01,14.52
0.66,589.7647998776945,341.40922714488266,194.4142543354753,7.0,2,0.1,0,32.68,41.73
0.64,524.323625664582,245.10579065591517,123.52917798138108,3.5,5,0.1,2,20.65,27.65
0.62,584.8981813873222,343.07125444599325,221.13127195336247,7.0,3,0.4,5,43.1,48.0
0.94,712.5010948520352,389.6464643185601,219.78358159901845,3.5,4,0.4,0,6.01,13.15
0.76,737.8808729973555,243.06028134727242,169.3369039927712,3.5,2,0.0,0,6.01,12.91
0.66,730.6301294025745,391.99011223901795,223.5462481545393,3.5,5,0.25,1,20.35,25.8
0.9,556.5860013451784,289.80429727854255,221.62593847338115,3.5,3,0.1,3,6.01,13.21
0.74,657.8799910169785,292.4022590933388,220.69866461085846,7.0,3,0.25,4,29.98,34.22
0.74,615.3529933429658,295.9217460208475,169.8704317440194,3.5,2,0.1,5,13.27,17.98
0.94,616.9096495519162,362.44538358309677,126.63408800350275,7.0,5,0.1,4,15.89,25.12
0.71,736.3045321691584,244.7849778903277,218.4523629610219,3.5,4,0.1,0,6.1,16.92
0.64,637.8486464219519,318.76818175743693,147.1731795749458,7.0,5,0.4,4,40.51,45.12
0.98,585.9406151693877,341.2787385990755,219.13851145085889,7.0,3,0.4,0,20.28,29.39
0.82,700.3093773241108,290.9757410672478,198.10318608134332,3.5,2,0.0,0,6.01,10.9
0.64,628.932946722246,416.97604543220336,217.4390425136255,7.0,4,0.25,2,41.32,45.76
0.62,614.8979046221655,347.7490923818696,222.15630698078022,3.5,4,0.0,0,20.63,27.27
0.9,634.6117127661744,292.7811758118306,196.52105797414802,3.5,4,0.4,4,6.56,13.9
0.82,624.1353437930783,341.84338528009624,122.55452940963775,7.0,5,0.1,2,23.94,33.12
0.9,712.2908592268068,366.27916729838375,119.5955919130582,7.0,4,0.4,1,22.51,33.65
0.86,515.0469739730245,320.67729987169605,196.43372207396587,7.0,2,0.4,1,31.04,35.03
0.68,659.0230537853438,399.61607330521247,197.04790533421559,3.5,2,0.0,0,17.63,23.74
0.71,754.4394781236991,240.0354299844027,122.04024085710722,7.0,4,0.1,2,21.7,27.16
0.98,782.6963241755409,295.4150643155935,168.44047139365438,7.0,2,0.4,0,11.73,17.47
0.74,758.1555565472258,315.180422273775,194.84337215414538,7.0,2,0.1,2,21.52,30.96
0.62,709.7781979403803,298.16574680712085,166.18129728590125,3.5,3,0.1,5,16.21,24.69
0.82,685.2506101661877,271.083294282795,144.77884830906834,3.5,4,0.4,1,10.17,16.7
0.86,691.121432908897,296.1650161921297,193.74189645756553,7.0,3,0.0,0,13.31,24.35
0.62,806.7465923606061,415.5623518453392,222.99961063882242,7.0,5,0.4,4,40.59,44.11
0.76,558.2123437428332,396.0894593063201,197.53983911705933,3.5,5,0.0,0,15.4,24.4
0.64,564.6363070456729,296.24394130218576,121.58297630494705,3.5,5,0.4,4,28.06,33.69
0.86,560.1498040322233,343.63305240160787,220.30657377625923,7.0,5,0.0,0,21.51,31.1
0.76,525.892393640942,236.64798731359394,119.80362915578857,7.0,3,0.25,5,31.46,35.97
0.64,687.7379085268084,343.58753576529307,218.54325444476993,7.0,2,0.0,0,31.98,38.42
0.76,645.1026672258294,249.7114839057834,192.31825153733672,7.0,3,0.4,1,26.72,35.51
0.66,633.3712809342327,317.82498228988885,173.91518434086052,3.5,4,0.25,2,20.03,27.99
0.82,661.2509568408672,266.1426552159199,169.03608374850796,7.0,4,0.0,0,16.41,29.35
0.64,734.5197005013767,263.14192789588407,109.54826938605292,3.5,2,0.0,0,8.35,21.81
0.76,590.4986881005606,320.0977853281116,148.2436199244344,3.5,2,0.4,2,16.63,25.18
0.98,713.6033604877534,296.4500955531407,197.23732391941985,7.0,5,0.1,0,7.57,18.95
0.94,760.2246870739059,415.10255094762573,119.9980073380363,3.5,3,0.25,4,6.01,10.9
0.82,566.5785437458227,293.88133453843005,221.86300139474525,7.0,4,0.25,1,29.34,33.82
0.82,583.7211262529371,302.22563502080976,190.94132512015068,3.5,5,0.25,0,11.95,22.09
0.64,516.9258755261479,419.2804109976763,122.10747760144743,3.5,4,0.1,1,28.77,33.53
0.66,781.4135577494982,347.22804232055677,173.33965502029534,3.5,2,0.1,5,14.01,19.42
0.71,505.70700500002926,367.47340793203085,220.2306544918348,7.0,5,0.1,5,36.26,43.23
0.71,733.7746519084183,315.8505282647106,172.62615774794514,3.5,5,0.25,5,11.88,22.87
0.64,736.0380634411404,392.4993566246392,196.9849025280163,3.5,2,0.1,1,17.65,25.07
0.86,517.0763642649338,395.5825458876532,115.25339642572088,3.5,2,0.25,1,15.98,19.91
0.62,726.3368583603208,292.3433308671571,197.265863635511,3.5,2,0.0,0,9.49,20.29
0.94,805.4768611069914,269.4071480562042,171.36195497000753,3.5,2,0.25,2,6.01,10.9
0.74,706.2329298012518,293.90061908137864,224.08911572703556,3.5,5,0.4,4,15.56,22.12
0.66,713.2233372215919,349.0506626325608,196.3147230025806,7.0,5,0.4,0,38.78,41.67
0.94,733.6568197080635,346.02556247433574,223.56337760248184,7.0,4,0.0,0,9.09,18.68
0.76,565.59126277393,344.2012360877153,171.88219813603982,3.5,5,0.25,1,17.47,25.62
0.66,672.3162736165273,294.74815105113225,125.65490655952695,3.5,5,0.4,5,22.29,28.64
0.68,611.5681380281845,243.78600253007886,171.76593934829376,3.5,3,0.1,2,12.21,20.62
0.94,597.554022942294,323.19657208770303,122.36849947785403,3.5,3,0.1,5,6.01,11.03
0.66,737.2000722502667,341.4938373269422,149.2437063788537,3.5,4,0.0,0,13.18,21.69
0.71,785.2165383206418,313.92342448722576,145.6161838602375,3.5,2,0.1,3,9.09,18.84
0.66,508.24230287904777,396.33129381221977,172.51100362122298,7.0,2,0.0,0,39.23,46.55
0.76,575.593525067174,343.58956350910444,221.91800751517704,3.5,2,0.1,5,17.15,24.73
0.68,605.0661460864983,319.44927821914723,217.31719070500742,7.0,5,0.25,4,37.12,41.0
0.64,655.6105167850972,419.8954650266153,172.9841691770476,7.0,2,0.4,2,43.1,47.86
0.62,820.5101314091772,318.4321907316655,109.80807165234067,7.0,2,0.1,0,27.51,34.95
0.62,609.090078760011,266.4951399703153,121.9377994142281,7.0,3,0.1,1,33.76,39.28
0.82,792.5084810426673,396.1494350026168,111.64644662722718,7.0,5,0.1,3,20.85,30.15
0.76,781.3238239421971,324.96765472647337,222.8444784935168,7.0,4,0.25,0,23.0,29.49
0.64,670.1610762624282,248.2252484631079,192.88483442827652,7.0,5,0.0,0,27.95,35.21
0.76,585.1314999803071,323.68262951030215,221.37264733934808,3.5,5,0.4,0,17.29,25.37
0.66,585.9384344063257,387.76411707036726,109.57675454535767,3.5,4,0.1,4,23.6,29.91
0.98,813.6566999713216,368.17335545567994,173.5941966052243,7.0,2,0.1,3,6.01,17.16
0.66,766.8827017486295,396.14027406244236,111.05325101098295,7.0,3,0.25,1,33.38,40.67
0.86,660.0425501050325,323.33020240608016,106.95844694096937,7.0,3,0.25,5,21.45,31.49
0.98,572.083827401572,323.11283468022214,194.46609352223513,7.0,4,0.1,5,14.84,22.78
0.98,725.2390738929828,251.56925086342756,168.98016006725368,3.5,2,0.4,5,6.01,10.9
0.71,516.4096772611578,319.7901249415732,219.9819157083586,7.0,3,0.1,0,33.62,40.64
0.62,686.2597294290365,296.1979202316467,195.83856683978283,3.5,2,0.25,5,19.43,29.63
0.64,702.7776775319677,295.51028724780565,123.35574135438077,3.5,5,0.1,4,12.68,22.14
0.71,517.027135733124,390.1286931179126,199.82806270773358,3.5,3,0.25,1,24.78,30.65
0.64,515.4188556731152,245.50030885878957,171.89657875474373,7.0,2,0.0,0,32.42,39.92
0.71,631.2849754363476,245.9079063957171,120.99144829996128,7.0,3,0.25,0,28.17,35.71
0.86,782.7792168235468,370.3922615048651,173.59384025530002,7.0,2,0.0,0,14.67,25.02
0.62,708.5428724165663,366.9807845271484,110.28115809516294,7.0,3,0.25,4,39.63,40.04
0.62,503.74385191064664,372.8048949251903,120.12302655614714,7.0,3,0.1,5,43.1,48.0
0.82,563.665135214829,362.6079798977542,171.84194194313645,3.5,4,0.4,5,19.73,26.26
0.94,640.7946429489339,245.84357427190812,171.12220662443104,7.0,3,0.0,0,8.9,19.4
0.94,820.2352374168637,291.51321575740224,220.8269549583349,7.0,3,0.0,0,6.01,15.25
0.98,756.7983890843126,393.54062212449054,107.06401253293666,7.0,5,0.4,5,18.41,25.77
0.82,766.3207021498692,392.36689250909683,221.5865960580728,3.5,3,0.4,0,11.29,21.15
0.82,763.1987496993913,415.48875995751723,111.74433044851916,7.0,5,0.25,3,24.68,35.2
0.64,583.8590300936712,317.7655992745811,193.74499132451882,3.5,2,0.25,3,23.33,30.53
0.62,661.7190573598956,318.0589939951145,145.88501642998432,3.5,2,0.1,0,16.42,24.87
0.74,694.1955840272203,246.70694923755582,199.25679324625708,7.0,5,0.4,4,27.02,33.48
0.86,686.1704173412961,267.1900803068241,170.25636339898722,3.5,5,0.1,1,6.01,10.9
0.9,591.6648758963074,369.5849937023306,126.39308567502952,3.5,3,0.4,5,13.41,19.95
0.86,681.4252046610865,245.2438305283011,174.1280189492878,7.0,4,0.4,5,19.82,27.57
0.82,654.4642798689255,345.59595070606116,111.77819215699255,3.5,3,0.0,0,6.01,14.3
0.82,687.4902610505359,321.5057826468656,219.91838783971193,3.5,3,0.0,0,6.01,10.9
0.68,688.5399566345627,270.6657358135929,151.98599903486559,7.0,4,0.25,5,28.57,38.65
0.98,514.9091467927378,293.7033310404266,221.6368820125123,7.0,3,0.0,0,13.78,21.55
0.68,560.7811028338833,416.619690818744,197.4189236348597,7.0,2,0.4,5,43.1,48.0
0.66,737.5513950526604,272.4934381547921,196.1132998497942,7.0,5,0.4,3,33.43,38.67
0.64,798.6226671682307,388.3709157714767,221.69985745999242,7.0,5,0.25,2,35.52,37.1
0.64,759.1046062619682,265.0591477053776,193.00824360388916,3.5,4,0.0,0,9.27,17.51
0.98,512.9876515675594,314.67689376086184,197.25215285101564,3.5,5,0.4,4,8.24,18.93
0.76,556.6656065079229,391.32570379432195,149.41561861692202,3.5,2,0.1,4,17.64,24.81
0.94,636.1284314748262,368.6608958965636,125.2353146629403,7.0,4,0.0,0,13.37,23.72
0.98,789.9828575083225,391.5244112809191,193.61388009017952,7.0,5,0.4,1,15.2,20.51
0.68,659.2752711993767,270.3546696777166,110.6641877244659,7.0,2,0.4,0,33.38,38.87
0.64,763.5446460023564,316.3686423504951,142.1365728574757,7.0,5,0.0,0,26.23,33.39
0.82,588.8419759623762,343.26594009219406,199.44425721136994,7.0,2,0.4,0,31.94,38.61
0.66,698.3304887172599,392.5573024762603,218.34667813095135,3.5,3,0.1,1,15.89,26.76
0.64,570.0557944315905,294.84353868680836,218.64875830045128,3.5,2,0.0,0,16.56,25.35
0.64,756.2824088480993,419.03352038424373,125.41123738016223,3.5,5,0.4,3,27.08,31.32
0.86,730.458489345171,411.03681073484614,106.35423297335767,7.0,3,0.4,5,27.86,34.3
0.66,507.79723409998087,418.9890006608229,220.16575657242717,3.5,3,0.0,0,25.0,29.09
0.94,662.6706877355665,368.6990638552579,145.69728621241634,7.0,4,0.25,2,18.59,25.51
0.74,788.017229061828,296.5565003647555,224.12275005732997,3.5,5,0.25,0,7.88,16.14
0.9,761.8904499831373,418.03993150060114,148.539062938102,3.5,5,0.4,2,9.0,15.73
0.94,743.3495225217571,393.1840145894689,145.97071690156372,3.5,2,0.4,3,6.01,11.65
0.66,680.4684590938583,365.048443600173,167.31175874467243,7.0,5,0.1,2,33.88,38.08
0.74,708.5300931834879,341.76452153704327,173.46096999904114,3.5,3,0.25,4,13.46,23.98
0.68,720.5304644407956,375.03722272973494,146.3222806598013,3.5,5,0.4,2,20.27,27.98
0.74,716.0795102668268,365.5522032657722,196.1768137725837,7.0,2,0.4,5,35.48,37.66
0.64,603.1673169146347,249.5403492297264,148.26162336910954,3.5,5,0.1,4,17.42,22.76
0.68,788.2504699465841,272.12714758720296,195.02230115642746,7.0,4,0.0,0,19.21,30.71
0.74,669.8777369677224,243.2497629323956,193.39819648697176,7.0,2,0.0,0,18.54,24.43
0.74,760.5284318748035,268.3646378444606,150.32251842909574,7.0,2,0.1,5,20.52,27.52
0.68,712.0089594990974,244.69953777056014,171.09265249964608,3.5,4,0.25,3,11.1,17.97
0.86,661.3931635282578,414.0083649625565,147.20328857537902,3.5,4,0.25,5,10.41,19.84
0.76,637.4366552895771,270.9620794095712,221.61075869526644,3.5,2,0.1,4,9.73,15.73
0.9,630.3342134467317,252.24437299597588,192.76973636818897,3.5,2,0.1,4,6.01,10.9
0.76,657.4487378149281,393.1233089778637,196.070295762849,7.0,5,0.1,2,29.44,35.15
0.62,563.086761074809,242.5129492410249,123.37311960831533,7.0,5,0.4,2,41.66,45.64
0.82,720.7874773485585,366.95131067668547,149.74975283829636,3.5,2,0.4,4,11.76,18.72
0.68,656.6298188844106,368.8784919182121,147.17214572998736,7.0,3,0.0,0,31.42,38.78
0.62,759.110814014936,316.9447913017534,112.6653308995125,3.5,3,0.25,2,16.08,25.16
0.98,758.2122988996913,242.81163591167078,169.61323390126012,3.5,4,0.25,5,6.01,10.9
0.68,662.0886060869045,319.6402361253253,193.76276133113288,3.5,4,0.1,2,14.17,22.25
0.71,805.7465421423484,370.33286892654684,221.18023541280928,3.5,5,0.0,0,6.41,17.79
0.71,563.2748658858557,315.91423886595254,196.72709188137472,3.5,4,0.0,0,13.41,20.6
0.66,809.854872694231,270.4125787586603,218.4869148694407,3.5,3,0.25,3,12.42,16.89
0.64,658.4608900645278,294.2093376404964,198.08403896632586,7.0,5,0.1,5,32.23,41.08
0.64,731.0798206250302,295.825916489622,114.1377537862172,3.5,2,0.4,2,17.53,25.99
0.62,615.832251583567,339.4628806265206,173.87535877692312,3.5,4,0.1,0,22.01,27.74
0.74,639.5695392482946,319.03874534581877,111.69722117445775,3.5,4,0.1,2,12.6,20.78
0.76,787.2519089436064,289.3173272917378,217.64393833379847,7.0,2,0.4,5,26.05,32.36
0.94,612.2531154822191,366.59110663529424,123.5817384449627,7.0,5,0.0,0,16.48,25.73
0.98,585.366222836725,387.58492567198795,195.4756525942723,3.5,5,0.4,0,6.01,15.4
0.94,631.7315879042683,364.29659123526244,111.106625924947,7.0,3,0.0,0,15.6,25.58
0.98,588.5735530908198,291.7986360786439,171.57212678293925,3.5,4,0.4,0,6.01,14.48
0.86,609.910436749731,368.2231454313245,169.25915468017678,3.5,3,0.4,4,14.11,23.48
0.66,611.1423776225431,389.10350604251283,220.56032314507024,7.0,2,0.25,5,40.21,43.58
0.94,690.5342884756287,268.8535053930404,110.46235753564443,3.5,5,0.25,3,6.01,10.9
0.62,580.3336269814544,408.6977006928074,168.6001196409675,7.0,2,0.0,0,40.99,44.82
0.62,715.9223979153653,243.26740971947734,219.48308931994052,3.5,2,0.4,4,19.21,27.63
0.71,585.1235514504862,297.2280214157958,196.04262329734388,7.0,4,0.1,2,31.49,36.65
0.62,701.4843016187202,411.4975921709835,197.54404312400683,7.0,2,0.0,0,36.73,42.15
0.76,688.0983276129904,249.83666188476627,124.29367863173107,7.0,3,0.0,0,15.66,26.27
0.66,813.0987380716399,318.8417588843023,124.76896104016863,7.0,4,0.0,0,22.22,30.23
0.94,766.5546618987313,369.62464326976965,110.71643226252701,3.5,5,0.25,3,6.01,11.08
0.74,582.2813689633967,245.32567911732957,106.8558052300275,3.5,4,0.0,0,7.03,18.64
0.62,734.0206958995608,395.14382618525644,170.8292085544524,3.5,2,0.25,0,23.22,28.23
0.98,811.1403418387312,319.9660758581277,171.2313825170589,7.0,4,0.4,1,11.8,20.06
0.98,514.1254457767249,412.97710070935443,195.17837142409084,3.5,5,0.0,0,6.01,14.16
0.68,588.2478926024236,318.0159673650446,145.8756639468434,7.0,4,0.0,0,30.59,39.31
0.82,809.0558608014477,373.174163548651,195.0758079626972,7.0,2,0.1,2,16.93,27.2
0.9,775.1635132344471,363.1470802126767,146.91885634650964,7.0,2,0.1,4,13.11,21.37
0.66,678.7341742687286,371.01937391275993,110.98928438439619,3.5,2,0.25,5,20.08,26.0
0.74,612.4084825798925,344.19173382772436,121.46751582598168,3.5,4,0.25,1,16.03,25.16
0.9,518.7438325130321,339.21563549903465,169.769921547302,3.5,4,0.4,2,13.59,18.73
0.66,550.8485623862683,244.14198733435967,147.58372352400002,3.5,5,0.1,2,17.88,23.77
0.98,630.6208395671503,246.57128065233704,147.5428429876019,3.5,3,0.25,5,6.01,10.9
0.71,659.691184655816,245.84036416690836,170.4529112374263,7.0,2,0.25,2,27.98,33.38
0.68,661.644378615745,391.74919658422726,143.1510236779023,3.5,3,0.4,2,21.88,35.13
0.64,520.4697812999414,390.9893065232495,171.28669741712721,3.5,2,0.4,3,34.62,35.39
0.74,584.0278697326565,296.16808802856787,120.77529525387311,7.0,3,0.0,0,28.71,34.12
0.71,805.3664138770501,418.83718041714826,219.4287733231492,3.5,4,0.0,0,10.53,21.16
0.71,703.302179733119,418.3413085677248,112.61490765321061,7.0,4,0.1,0,30.16,39.35
0.68,663.8516115526414,361.93248668714904,174.95023466451715,3.5,2,0.25,2,20.67,27.5
0.62,689.9646647024296,271.47773700529723,173.37514027525313,7.0,3,0.1,4,30.23,38.71
0.64,678.0369945782819,413.97735086628217,222.80059205260278,3.5,2,0.1,4,22.44,30.94
0.62,683.6071127768927,391.5896501750917,173.67967107290087,7.0,3,0.4,3,42.18,48.0
0.98,607.0773310335397,364.45125247662526,172.28483193435753,7.0,5,0.25,5,18.8,25.07
0.62,739.6794077813586,393.6809193239693,121.26874265100487,7.0,3,0.1,0,33.44,42.45
0.94,728.2706453826339,291.5422264208355,124.55484307067755,3.5,4,0.0,0,6.01,10.9
0.82,802.5546356709808,294.7960870481989,121.33448268477683,3.5,2,0.4,2,6.01,15.97
0.76,641.8269874229559,248.70839216541864,172.26450987828983,3.5,3,0.0,0,6.01,15.0
0.98,635.5765848216371,269.48947602397436,169.5599920649819,7.0,2,0.25,1,13.85,22.41
0.86,807.0680406325162,343.98225931495296,199.24320019953265,3.5,2,0.1,2,6.01,11.0
0.68,692.5343704793763,342.7046830415331,170.6320677158544,7.0,4,0.4,5,35.98,44.3
0.82,662.4614648907095,318.0553313672247,145.9117719957716,7.0,3,0.1,4,21.78,30.56
0.71,658.9339321676421,417.7598540064499,222.12614726325899,7.0,4,0.0,0,30.02,39.49
0.98,666.0701097960911,242.1546653817316,171.28178296469486,3.5,5,0.25,3,6.01,10.9
0.98,755.9037833101852,320.51858370790046,123.68362826748276,3.5,3,0.25,4,6.01,10.9
0.76,617.2785397806055,422.00700267965584,148.18204311311976,7.0,4,0.25,0,37.07,42.0
0.76,735.8985922654922,409.42951122265407,169.62742273518646,7.0,4,0.0,0,23.42,31.1
0.98,805.0247816992513,269.3764915692623,110.62560509578218,7.0,3,0.25,3,6.01,15.57
0.9,811.6484992635629,393.0164438024322,120.51163981519643,3.5,2,0.25,2,6.01,12.19
0.68,814.114319768669,393.5526313274368,173.9863668744287,3.5,4,0.25,0,13.76,25.14
0.64,642.5697431660783,315.99457129510995,224.67907744338956,3.5,3,0.1,2,17.18,27.54
0.9,637.538475028234,368.7353588731376,221.06347012765875,7.0,2,0.25,5,25.49,31.8
0.82,809.4091951860253,341.712266739104,221.67710653954143,3.5,5,0.4,2,6.01,16.21
0.94,751.9515362037322,343.3634407055497,108.60513684549028,3.5,4,0.25,4,6.01,11.0
0.68,512.9110969783196,291.13069086954596,123.44481255576075,7.0,2,0.1,3,36.16,40.15
0.9,784.3016095726649,412.2801869306847,145.3105670764878,3.5,4,0.4,4,6.01,15.65
0.86,689.0751509688616,242.8067784948468,220.98387273894716,3.5,4,0.0,0,6.01,10.9
0.62,554.2983548188291,249.83051458813583,123.47432888044038,3.5,3,0.0,0,17.73,25.39
0.86,611.5529316450923,344.4753889947642,199.40411030803185,3.5,5,0.1,2,6.01,13.64
0.76,684.4202063677717,370.80939211820925,168.66258292490505,7.0,2,0.4,2,33.3,37.85
0.86,784.4317765775019,320.5314791361974,109.51927401845454,3.5,4,0.4,2,6.01,15.42
0.64,715.7925215022559,268.058867527059,109.0410167824399,7.0,4,0.0,0,25.79,34.88
0.71,722.2081580837145,267.7536652186287,194.82392284308224,3.5,5,0.25,2,12.2,18.38
0.68,733.7413465900374,272.9008704155772,222.88821880609476,3.5,4,0.1,0,7.84,19.98
0.74,611.2423055697775,394.1160956306854,218.9977478861471,3.5,5,0.0,0,12.53,19.83
0.9,750.7580917192956,416.6492812054104,118.0186524271605,7.0,5,0.25,0,19.62,28.45
0.62,509.2034368944113,385.0724488061454,110.5641072108029,3.5,5,0.1,2,27.78,33.86
0.9,683.9111010128411,272.3267144544921,148.28363106048337,3.5,4,0.0,0,6.01,10.9
0.76,519.1878006110238,241.72489737158205,170.7258005950512,7.0,2,0.25,2,28.37,35.51
0.94,589.5320492749261,421.77743713370165,143.44329806546924,7.0,3,0.4,4,27.5,33.97
0.68,809.6496323394672,394.9024632477159,109.1281295715525,3.5,5,0.25,5,17.92,27.06
0.76,581.2725758187389,418.2961785257304,169.0462489309724,7.0,2,0.1,0,32.42,40.31
0.71,660.5728526617346,414.1390363513005,112.11395950991916,3.5,3,0.0,0,15.26,23.44
0.68,658.70502636059,393.0201781005824,147.94674500805192,7.0,2,0.4,1,41.68,44.42
0.9,513.1637194278849,274.04079392395835,121.27327837496344,7.0,2,0.0,0,16.02,23.37
0.94,587.5828101510482,411.9010643409044,124.39689269972307,7.0,3,0.25,2,22.72,30.08
0.98,586.6417244483697,318.8438645276,194.24820084456778,7.0,3,0.25,5,18.93,23.58
0.62,655.8872759687779,315.7474915369572,122.07017928969984,7.0,5,0.1,5,35.76,39.36
0.62,620.9769422922598,391.01864541023355,107.00288952395374,7.0,5,0.0,0,36.62,43.34
0.74,657.178044645429,293.57721625716715,195.73705480865667,3.5,5,0.0,0,8.21,12.9
0.66,713.4122406232741,323.20471927675896,125.08073624438934,7.0,5,0.0,0,27.83,35.88
0.62,733.7684512231659,271.59333070303364,147.92065974635963,7.0,3,0.1,1,27.28,35.74
0.68,788.4629475855718,387.7987413190077,122.91354955966884,7.0,2,0.25,2,31.01,38.26
0.9,515.2691595803913,247.29940210433477,109.40920975527675,7.0,4,0.25,3,23.46,28.78
0.64,814.8602949116994,292.3513285922743,148.7191757739596,7.0,2,0.0,0,23.13,28.97
0.94,666.3946200343271,364.48046012187126,123.9745826330941,3.5,5,0.0,0,6.01,10.9
0.68,589.7002564728444,293.6876275373264,124.05951099257764,3.5,2,0.0,0,13.5,22.69
0.82,732.5362522361003,393.7082428007031,193.70892356400216,7.0,3,0.25,0,23.12,33.18
0.74,586.5663941261938,338.79797802664433,220.5286641196883,3.5,3,0.25,0,16.69,21.69
0.86,659.6638550483475,386.4914766067025,194.465964946196,7.0,4,0.0,0,21.49,29.63
0.64,666.0922722197121,365.3712604357525,168.98299017864935,3.5,5,0.1,0,18.15,25.2
0.76,681.9232005486369,364.8026667047183,220.72510143001645,3.5,2,0.25,0,14.02,23.9
0.9,698.8467261822655,389.7280684589661,123.79617672932082,3.5,2,0.1,0,6.01,15.75
0.62,635.3213450254013,413.88166391927706,120.46533268649046,7.0,2,0.25,1,43.0,43.02
0.62,515.7978678074011,293.86289930670966,194.47001610248773,3.5,4,0.4,1,29.32,36.72
0.62,733.6654822291937,319.51024714664237,147.53256746089727,3.5,4,0.25,1,16.38,25.7
0.94,624.3514189469727,371.2123144040524,146.0853966898264,7.0,5,0.1,5,17.06,26.09
0.82,613.2730421476039,248.54013610643352,197.57308005396783,7.0,4,0.4,4,22.97,29.83
0.66,591.0985572298307,369.61360439730754,223.47953028013714,7.0,4,0.4,3,43.1,46.26
0.94,785.5786794943867,245.91688769137446,169.9737512234647,7.0,4,0.4,0,10.75,17.88
0.9,646.098196760306,418.50339254341753,123.74814283023895,7.0,2,0.25,4,26.26,30.43
0.94,679.8426562570289,371.42245256863004,195.023240357474,3.5,4,0.0,0,6.01,10.9
0.71,638.5529562943635,365.1206239644986,198.12162737251077,3.5,4,0.1,2,16.56,22.06
0.64,813.2128427426809,418.8313681452666,108.16941654354478,3.5,3,0.25,1,19.33,26.68
0.74,737.7168978447238,395.9595820119964,197.45433148879604,3.5,3,0.0,0,8.94,20.74
0.94,615.5701282362924,417.83517843560315,221.8311679338884,7.0,5,0.0,0,18.68,25.66
0.74,661.1680619120501,342.00208804494713,196.98308424175463,7.0,5,0.1,1,27.1,36.68
0.94,713.853704729751,415.3732207142947,196.67011605816825,3.5,2,0.1,4,6.01,12.33
0.9,591.062343970068,350.3483793968743,193.64739348615348,3.5,2,0.25,3,7.97,16.58
0.98,640.1103499515302,420.23679995860624,173.642822603775,7.0,2,0.0,0,16.81,21.03
0.68,580.6248140082994,291.4831762437591,111.06733056674433,7.0,5,0.25,2,35.18,41.43
0.71,771.4142842895187,265.4266273142264,171.25807637922657,7.0,2,0.1,2,22.89,31.33
0.82,684.2253127428386,294.004138953024,107.69645409573782,3.5,4,0.0,0,6.01,13.23
0.66,520.6543725657737,397.05504283612555,171.6861597450789,3.5,2,0.1,5,25.91,32.02
0.62,683.9964534625847,296.539554275182,221.49953287699205,7.0,3,0.1,2,32.97,38.94
0.64,639.2230968620071,370.62272805091834,121.66136890933656,3.5,3,0.4,4,27.79,31.44
0.68,611.7549740031807,392.9958276700006,197.59835763981079,3.5,4,0.4,2,25.43,33.46
0.86,584.9839605194119,243.0904228304732,112.63499311806294,7.0,3,0.4,3,24.29,31.49
0.66,785.5422505416576,268.9696775106527,217.4027634022725,7.0,3,0.4,3,32.18,33.19
0.71,734.6911790006993,417.6883245542582,144.59359828922172,7.0,5,0.4,1,35.07,40.36
0.68,630.5194166787505,268.3617865030425,221.1641304983288,3.5,5,0.25,5,15.12,24.24
0.98,644.5600800000286,415.9023238159166,220.7328764813268,3.5,4,0.25,1,6.01,11.27
0.86,551.8902179132909,294.5218834490571,108.17185286721644,7.0,5,0.1,2,18.97,32.4
0.86,814.7344585776736,391.8139879719019,109.70375529518617,3.5,4,0.4,2,7.89,15.19
0.62,516.2247250077314,348.1873443042086,171.6485584881657,7.0,3,0.25,5,43.1,46.12
0.86,785.0838778188131,315.20809241710145,194.18269940851712,3.5,3,0.1,5,6.01,11.63
0.76,719.8651031178773,366.4499446362266,145.00790042799645,7.0,4,0.4,2,32.89,35.95
0.71,606.9885392508179,369.54407853132886,195.2787041758676,7.0,5,0.0,0,31.37,39.35
0.62,620.807205068642,316.58807675891364,111.16677340710297,3.5,4,0.0,0,17.58,24.37
0.64,780.7190202255578,291.8013213428183,191.52353753335007,3.5,2,0.4,1,14.44,25.07
0.76,571.5589529565619,342.3507664750222,150.7051294575501,3.5,3,0.0,0,11.94,19.94
0.66,610.6133924494087,324.57742127573374,191.8317741210028,7.0,4,0.0,0,33.65,39.14
0.86,812.286967344887,245.39357027103165,147.17285703415686,7.0,5,0.0,0,6.01,18.64
0.66,793.562047049584,247.59246264041266,123.87101547758041,3.5,5,0.1,5,10.38,17.74
0.86,520.9793589093151,288.9795456009717,194.6866304197798,3.5,3,0.25,2,11.68,20.93
0.74,584.9555803109483,364.74954647477847,196.66268329355867,7.0,2,0.25,3,35.95,41.68
0.76,813.6918882738257,365.5073274559403,222.2631994919564,7.0,5,0.25,3,23.92,30.38
0.82,517.7023989760041,317.92849068200655,144.80919819398153,7.0,2,0.0,0,24.92,32.28
0.82,763.125997363366,291.1532504375255,125.99472639583112,3.5,4,0.1,3,6.01,12.77
0.76,522.8508129367447,292.6925430685013,124.53714660637208,7.0,3,0.0,0,27.34,34.37
0.74,768.0633385641928,270.74519528480795,108.96190796857442,3.5,5,0.0,0,6.01,11.06
0.94,812.7608944240401,273.2543692654428,196.52804016266734,3.5,5,0.25,1,6.01,10.9
0.82,686.4548448838771,293.6318731992128,196.1867447485533,3.5,4,0.0,0,6.01,12.75
0.98,590.1167097430429,324.7422977121176,123.85527937696669,7.0,2,0.0,0,12.56,18.32
0.76,608.1980749461025,243.75918339973506,199.7753753146804,3.5,2,0.0,0,6.01,14.31
0.9,635.7333483442253,294.4399238528924,195.02321653836594,3.5,2,0.1,1,6.01,11.03
0.74,586.5464462832339,366.59465583885077,219.96857232477709,3.5,4,0.0,0,11.45,21.58
0.66,810.1803558396283,275.3715236009189,193.81288570822352,3.5,5,0.1,1,6.7,18.62
0.76,807.4436237242485,396.6507490183165,171.63940462946366,3.5,2,0.25,2,11.54,17.96
0.9,810.6274496662012,248.59174077093567,146.8718779229322,7.0,2,0.1,1,7.12,14.88
0.68,711.9995371918363,292.6852226478643,194.92368199758656,7.0,4,0.25,5,30.08,35.33
0.64,710.2485851281875,390.0826294325841,120.20074160209838,7.0,3,0.1,1,33.29,38.75
0.76,626.4207921738339,371.1015949754216,220.78071973969608,7.0,5,0.0,0,26.55,34.52
0.64,701.8901351793364,270.5869553762067,172.17586744126933,3.5,4,0.1,2,13.08,23.57
0.68,519.9236307108747,246.35483204817876,219.76892543248366,3.5,3,0.0,0,15.86,21.94
0.94,783.1089025980738,265.4072567343463,108.32304492452961,7.0,4,0.0,0,6.01,14.15
0.76,729.8571173724694,319.06041317743296,108.13981898335024,7.0,3,0.1,0,20.74,32.29
0.86,740.2435356320829,274.4662213392649,121.75267584347166,7.0,3,0.4,0,18.28,26.38
0.94,513.96889253079,292.92370219171454,122.3369543463613,7.0,3,0.0,0,14.85,25.9
0.9,813.2910245864712,361.6006821925919,122.61554872802702,3.5,4,0.4,5,6.01,11.12
0.62,708.9554623419712,318.168003894328,194.20671554536958,3.5,5,0.0,0,10.69,22.6
0.66,615.0085949651385,348.52870914491393,121.16199075424036,3.5,5,0.0,0,15.7,24.3
0.68,560.0269981541843,367.2652842229702,220.32175374093353,7.0,3,0.0,0,35.73,39.42
0.94,664.11697508451,317.52323792854065,173.2248668191107,3.5,2,0.4,0,6.01,11.45
0.71,613.0512955874445,389.6594026126476,125.16114980807808,7.0,2,0.4,1,39.72,43.35
0.76,616.9647693505439,348.48886060514826,143.63059861202834,7.0,5,0.4,0,31.54,42.77
0.76,637.0546224278678,394.78413521301707,197.08565670254134,7.0,4,0.1,1,29.6,33.79
0.94,811.262836953285,339.6758228856489,123.42051172702025,7.0,5,0.25,1,12.98,20.42
0.94,586.6427213227396,315.48119193702354,195.3120478571324,7.0,5,0.1,0,17.53,25.66
0.9,631.175945303307,246.82729581932816,170.18570033842286,7.0,3,0.4,1,19.98,24.95
0.86,816.9678323476414,266.28744274394666,175.32283817427944,7.0,5,0.1,2,11.41,21.11
0.64,802.6624982032648,392.96465153914244,192.66280148224362,7.0,3,0.4,5,39.39,43.4
0.68,657.83421901445,362.723569416617,197.74835383447666,7.0,5,0.1,5,32.74,38.11
0.68,643.0630411871023,397.20449567368166,218.69077125001246,3.5,4,0.1,4,21.47,25.58
0.98,512.6099605049089,244.74981913661335,189.62437704791972,3.5,4,0.4,2,6.01,12.02
0.71,581.5124518000888,365.2264314119824,222.8403974183932,3.5,5,0.25,4,22.14,26.77
0.86,661.6501573958204,264.8155203326744,113.25683965685799,7.0,4,0.0,0,12.8,22.81
0.94,685.8424383778848,343.82422570823906,223.0539307721764,7.0,2,0.25,0,16.74,27.54
0.74,705.7724656002863,340.04132654115244,174.3371133727837,3.5,2,0.25,3,14.82,23.17
0.86,685.9994042572046,370.75002131373395,144.6362517491584,7.0,2,0.1,3,21.31,31.68
0.74,778.9262025340707,294.84033078313973,119.49355613117427,7.0,4,0.1,2,21.87,28.09
0.82,584.2464898648185,293.8657190771635,123.26039673830678,7.0,4,0.25,5,26.98,31.92
0.9,803.1030377145032,245.11577558819684,172.32236431916857,7.0,4,0.4,2,14.12,23.34
0.98,784.234502828451,345.0909565670292,111.50366731405626,3.5,3,0.1,2,6.01,10.9
0.76,552.965748043211,313.0192143605665,112.13713376380149,7.0,2,0.25,0,30.31,37.71
0.98,516.0404283037957,367.40884353147004,125.52668900427894,7.0,5,0.1,5,21.98,23.7
0.76,655.5322886278249,252.33374825774752,194.91543532447469,7.0,3,0.25,3,24.56,31.72
0.98,564.0426063803618,366.2464850276359,120.96137995101613,7.0,2,0.4,2,23.01,30.24
0.94,774.7011022351454,415.63711400009447,173.10783866176143,3.5,5,0.25,2,6.01,10.9
0.62,692.012388738265,368.45144095413144,225.0428994908456,7.0,5,0.1,1,34.93,41.57
0.62,759.0057739938035,270.80792616850016,215.43550782956063,3.5,3,0.0,0,10.44,21.68
0.76,736.8025760747225,338.5810408367747,119.97062713648788,7.0,3,0.25,2,28.17,35.82
0.9,513.1947690405992,319.4775225564438,112.66669563514712,7.0,2,0.4,5,26.2,31.92
0.71,688.8117201961709,390.83659967340117,171.03313440271222,3.5,2,0.1,4,15.92,24.27
0.71,761.6356686434383,338.36686793995483,122.76454558099485,3.5,4,0.0,0,6.2,18.66
0.66,666.6512010643514,341.9991263446179,146.31223561037467,7.0,5,0.25,3,36.8,42.81
0.66,748.7536151526866,316.9549751709329,219.85528289830953,7.0,2,0.1,0,27.18,35.41
0.94,708.2272614062828,317.8440401676949,106.97479016508666,3.5,4,0.25,5,6.01,10.9
0.64,784.6551038103935,370.4105904800559,107.84012879754393,7.0,4,0.4,2,36.24,44.25
0.68,803.4470089003554,267.9543448185753,147.10463709564496,7.0,5,0.25,5,26.82,31.34
0.68,661.3134379587668,271.36224266583827,198.08037712958551,7.0,4,0.25,3,31.27,36.93
0.86,688.5135744588663,366.45511963925566,194.99643161437695,3.5,4,0.25,5,6.66,17.5
0.64,805.8319984678042,394.8149471478935,108.40750977711419,3.5,5,0.25,3,17.78,26.9
0.66,699.4497860535491,395.31221182784617,169.56867039295358,7.0,5,0.4,5,43.02,46.88
0.94,778.1562948575344,393.95636561436663,122.76467565470674,3.5,4,0.0,0,6.01,10.9
0.94,811.8947349388112,413.81279295318774,149.40934887998742,7.0,4,0.1,2,11.64,22.92
0.71,768.3932756326913,415.4635645683963,176.38300868433893,3.5,3,0.0,0,11.01,19.76
0.64,730.9471764518731,288.7917127242045,109.62061821260323,3.5,3,0.1,2,12.89,21.75
0.82,581.5039181827709,266.83194402076236,198.75656818724534,3.5,3,0.0,0,6.01,15.54
0.86,569.384281218093,246.45356103643405,220.7886869345934,3.5,2,0.1,3,6.01,12.32
0.86,667.8683712395235,348.7611025064328,144.55420996088887,3.5,4,0.1,1,6.01,14.16
0.98,716.6979200322078,390.8113109656947,174.17384087512943,3.5,3,0.4,0,6.01,11.87
0.68,568.4970951633895,393.4390392185299,122.89789939296662,3.5,3,0.0,0,20.44,26.54
0.86,627.9338335699848,315.3241682284124,108.69029410755672,7.0,5,0.25,4,24.92,30.16
0.66,638.9790989054796,391.48484730021136,171.15605678741466,7.0,4,0.0,0,36.1,38.42
0.76,656.5286164415552,292.87510776615665,222.56972771354685,7.0,4,0.4,2,28.55,37.45
0.82,735.2280821466077,316.6160522405521,149.10236756029983,3.5,3,0.0,0,6.01,13.38
0.66,514.3848757277675,414.06396579916264,145.3779982727423,7.0,4,0.1,0,40.57,47.31
0.94,757.3443721521245,270.81023062235045,122.02000356470688,3.5,3,0.0,0,6.01,10.9
0.82,778.7682256331482,269.5873081249751,172.2466971194228,7.0,4,0.1,4,15.28,22.38
0.94,714.2795060829818,293.57356038917834,147.6773746358434,3.5,2,0.0,0,6.01,10.9
0.82,664.2668178438631,366.3977682396156,196.1463939820034,3.5,5,0.1,3,8.09,17.98
0.9,634.5952126479194,246.8092840548465,108.54892944250591,3.5,4,0.0,0,6.01,10.9
0.66,611.7476780008847,369.5029823779408,194.43808961626812,7.0,3,0.1,5,36.77,41.16
0.94,562.4583042296722,320.7772711861652,218.42382299236743,3.5,2,0.0,0,6.01,10.9
0.64,802.0661935267364,269.8240022318409,219.4783743484608,7.0,2,0.0,0,22.43,31.06
0.86,709.9683149873434,362.58591282769197,192.42724906929064,7.0,4,0.0,0,17.1,27.31
0.62,775.723155592971,268.64348890908667,167.46302427122274,7.0,2,0.25,0,29.95,38.11
0.66,734.3897143393937,341.8882517127976,107.55390577611966,7.0,2,0.25,3,31.22,39.36
0.64,690.146903967946,247.70173345457965,120.65242712761408,3.5,5,0.4,3,19.93,25.98
0.94,514.2464539006726,320.8119160368504,169.85908430088867,7.0,3,0.4,1,25.22,30.92
0.64,658.0387483536705,386.09323057275174,198.27683104131142,3.5,3,0.25,5,24.84,30.23
0.66,693.5210714141496,418.1918024593215,216.78254525781267,7.0,3,0.0,0,32.66,40.8
0.64,785.2771692228603,239.85037433544065,147.6228963116494,7.0,4,0.1,3,24.41,30.84
0.82,682.0507628047537,291.9674487843486,171.27802605645653,3.5,3,0.1,4,6.01,13.69
0.64,509.2183600034713,364.32448883701255,108.28241216461835,3.5,5,0.1,2,26.96,31.46
0.71,630.546055669247,417.0215969110678,122.01866965093957,7.0,5,0.0,0,32.17,40.4
0.62,735.4357697019109,276.96838324378206,224.7730414905802,7.0,3,0.1,4,28.49,38.5
0.74,733.9960250156569,316.1228933155871,123.17810890226596,7.0,4,0.1,5,23.92,31.58
0.9,690.5077562828739,395.180443115608,146.20020187573772,3.5,3,0.25,5,7.39,18.0
0.66,685.3601268223574,346.54567327887986,111.2118161854978,3.5,2,0.1,3,15.16,26.58
0.76,765.68826878756,368.6393029081227,170.94376153937753,3.5,4,0.1,2,7.52,19.25
0.86,792.3695079437103,318.05017784276265,119.63369637095057,7.0,3,0.25,3,13.79,26.27
0.86,682.3929182512705,269.0565804893586,111.15155250730153,7.0,4,0.0,0,13.78,21.7
0.82,709.5230482441149,244.97886504355833,220.06878084286396,7.0,2,0.4,0,21.45,27.78
0.82,761.0976233539147,396.96085180547686,199.0905143395095,7.0,3,0.4,3,30.58,33.68
0.86,517.4785112508775,344.14373279943425,171.22814542028846,7.0,5,0.25,2,28.71,34.17
0.94,812.2195083844015,316.0018843441836,118.81241283303851,7.0,2,0.1,4,7.02,15.56
0.98,516.9153167963066,413.8501784798942,118.68399572575339,3.5,5,0.4,3,12.33,20.1
0.68,708.8367140971841,248.28109292207432,113.58813905165266,7.0,5,0.0,0,21.4,34.45
0.68,682.608466337424,243.9772498817242,220.00534453384435,3.5,2,0.1,0,7.82,19.04
0.68,608.0792076002812,310.7347501033874,126.21100662958852,7.0,3,0.1,3,32.86,37.99
0.68,708.8180652729443,269.4086790054917,195.79515646796605,3.5,2,0.1,3,11.52,20.36
0.66,690.4375198370703,320.78253996293444,216.7791040001514,3.5,3,0.1,4,16.68,25.03
0.71,585.2519770766759,419.7437504136058,220.3254879736341,7.0,4,0.0,0,34.22,39.77
0.94,635.6000334906277,265.6629077913406,196.6289589449668,3.5,4,0.0,0,6.01,10.9
0.82,627.8280434685971,248.35050132658986,196.3728323394881,3.5,4,0.1,5,6.01,14.71
0.76,561.6646479700917,291.88553348700606,114.28055022092128,3.5,3,0.1,4,14.4,21.25
0.71,588.433488497072,270.5969457599677,219.2479977477224,7.0,2,0.25,2,33.75,40.33
0.86,553.2101662330163,344.06865012944337,172.6062983127584,7.0,5,0.0,0,21.19,29.88
0.74,551.3847675049923,341.94512449641724,221.09085962344355,3.5,5,0.4,0,23.29,26.95
0.74,812.7480973372535,366.168424948652,122.77659623359982,7.0,5,0.25,1,25.07,31.44
0.74,643.2834290295106,244.70009066054928,143.80872647822062,7.0,5,0.4,0,30.51,35.37
0.9,787.588967475619,267.89373436799997,120.53001374836597,7.0,2,0.4,5,15.8,26.1
0.76,706.5569265111868,243.55749863146406,111.64233599431857,3.5,3,0.4,2,9.58,20.11
0.64,714.9612485787682,343.815387055397,122.87202675639818,3.5,4,0.0,0,15.19,21.31
0.66,568.476056112387,340.2464427043122,145.7089761478212,7.0,5,0.0,0,33.84,38.76
0.86,711.4153011018643,265.6926998358908,220.1346759202726,3.5,3,0.4,2,6.01,14.38
0.64,781.9215589985522,318.18697162103933,221.28661410001064,7.0,3,0.25,4,33.19,37.54
0.98,693.3109796935881,417.5959072935436,193.25726626363524,7.0,2,0.0,0,12.32,21.21
0.9,706.6624417661628,389.1039183668594,150.35715190634818,3.5,4,0.4,3,8.32,19.39
0.94,806.2702814306942,343.33942137115906,193.65346088799214,3.5,4,0.4,4,6.01,10.9
0.68,708.6918373819142,414.48965091147153,173.48867215975585,7.0,3,0.0,0,27.78,37.93
0.68,656.9536994838357,270.3716327784392,220.03634766151504,3.5,5,0.1,5,11.87,21.27
0.71,510.03572679561137,395.0530592382091,148.54050089594213,7.0,4,0.0,0,34.96,39.65
0.66,656.5979629510098,315.2319500102435,122.2348686453102,3.5,5,0.1,3,15.98,26.38
0.71,570.1419527270591,297.4380904324262,169.9452570303082,3.5,2,0.25,4,18.07,24.2
0.98,611.2865062608736,386.32996948645115,122.946175120761,7.0,4,0.1,0,17.11,26.17
0.68,511.4917379890928,294.40841322039387,117.2586580806379,3.5,5,0.4,5,26.35,30.75
0.82,593.7961707514211,245.14121506042366,172.61115121628208,3.5,4,0.25,3,6.01,16.52
0.68,589.6120799135556,369.8730895798737,123.32279175431673,3.5,5,0.0,0,18.38,26.08
0.9,683.2781820924545,345.79402276954903,112.54235652140972,7.0,2,0.1,5,17.52,25.04
0.68,584.3947498523851,342.4114355624426,121.15771278647375,3.5,4,0.1,1,18.31,25.94
0.9,755.6422745652426,412.4173925336011,144.8677334570534,3.5,4,0.1,4,6.01,11.86
0.62,637.3593208222917,269.20650756370014,193.78411665817,7.0,3,0.25,2,36.42,41.69
0.94,518.981419800653,392.0635044332446,123.8576877410524,7.0,5,0.1,3,23.3,27.4
0.98,635.1436264369287,410.2245488515695,109.61542286867235,3.5,4,0.4,0,6.01,15.48
0.66,737.4703195948777,383.43612001128685,170.3384637864991,3.5,5,0.25,5,19.89,28.16
0.76,725.7033161416997,246.76737184300254,220.83711660259607,3.5,3,0.1,2,6.01,13.84
0.64,608.535262513342,271.56239586930843,195.84722072746632,7.0,3,0.0,0,30.13,37.62
0.98,563.5427804041218,245.93360394187647,110.94040355445894,3.5,4,0.4,3,6.01,10.9
0.94,594.3188342302774,340.0107520505011,108.61543249993385,3.5,4,0.4,5,9.48,16.45
0.94,801.7828651643915,272.07081791115434,123.21011255647784,7.0,5,0.1,5,6.01,19.32
0.98,664.1858025073047,240.2872158286347,221.01486015211603,7.0,2,0.1,3,6.16,18.71
0.86,810.9804424814628,317.4870478112206,170.79910903152756,3.5,3,0.25,3,6.01,11.28
0.76,735.425610286489,274.28486035421594,126.92178198560157,3.5,5,0.25,5,8.75,17.04
0.64,649.5315792413294,274.02739304021367,221.71121246526263,7.0,5,0.25,5,34.9,42.23
0.66,594.0330407743196,411.6684964302311,121.7355455228677,3.5,5,0.1,2,22.63,32.32
0.94,584.4075974012005,343.8809463215892,146.86554087569803,3.5,4,0.4,0,8.94,14.85
0.66,718.1646668526778,318.5981232688063,219.68138305180855,3.5,5,0.4,0,20.44,26.93
0.86,610.8172370506092,273.16084868925316,120.34664174505798,7.0,4,0.25,2,21.04,26.37
0.82,640.4068116328765,315.0389231559804,196.84421718697982,3.5,4,0.25,4,11.83,20.93
0.71,711.2367563657162,270.4727763881056,151.55648614116456,3.5,4,0.0,0,6.01,15.39
0.68,734.6142367569595,316.5767712036778,107.78245431688889,3.5,4,0.1,5,12.47,21.93
0.68,733.5009327151566,395.1053867485302,196.891129162555,3.5,5,0.0,0,15.2,18.46
0.76,560.1375720199683,368.1698125077608,147.79239880076835,7.0,4,0.4,3,36.01,41.47
0.74,663.6925088478287,303.27792383538804,193.07111553317267,3.5,5,0.25,4,14.71,22.01
0.68,703.6045380346019,346.2132492421841,146.42154464369258,3.5,2,0.25,5,16.63,27.14
0.71,757.4380780259984,417.22302063004463,194.9345490035662,7.0,2,0.1,2,28.04,32.8
0.82,603.8029901403163,266.34255976901073,147.5451382344072,3.5,2,0.25,2,7.65,14.71
0.62,736.323069220341,292.3754729986613,146.8567062283767,7.0,3,0.1,3,31.89,37.62
0.86,570.8999320659033,391.4318226724679,121.11136237912234,3.5,2,0.25,5,12.42,22.84
0.71,762.1525128708397,366.48186898110566,195.70412139618483,7.0,4,0.25,0,29.36,36.85
0.64,661.5379696768906,372.68663966219003,145.53085322685484,3.5,5,0.1,4,18.27,28.64
0.71,703.750069767425,325.89263732299764,123.15352895532301,3.5,2,0.4,0,17.16,24.19
0.74,610.0413107560464,366.0433978840815,110.44147166773313,7.0,2,0.0,0,27.76,32.77
0.94,712.2051925525377,346.565790469261,199.69872428277276,3.5,3,0.25,1,6.01,10.9
0.64,738.1385237874085,396.0767045442186,118.21191974865066,3.5,4,0.1,4,19.01,27.83
0.9,756.0060619073628,271.41315849154574,172.3998004588188,3.5,2,0.0,0,6.01,10.9
0.86,583.7742302078692,369.16016694922325,171.4539550831292,7.0,4,0.1,2,23.72,32.45
0.66,657.6751412331071,393.41558701409303,145.23406920310646,3.5,4,0.1,2,17.99,26.77
0.62,761.9439665776332,412.4528620434912,175.32332481256208,7.0,5,0.0,0,33.09,37.95
0.74,609.5466271905757,246.60110960290592,152.38475717529394,3.5,2,0.4,2,15.79,21.53
0.68,643.7332171571724,363.71636444444306,124.86025634748306,3.5,4,0.25,4,22.73,27.71
0.98,585.2450909823087,239.45088756298412,120.74167396875734,7.0,5,0.1,5,9.73,21.11
0.68,564.5834155948214,342.0899497975686,125.54705062445808,3.5,3,0.25,3,21.51,30.8
0.9,755.6328125406617,294.39655940854465,110.02056575175084,3.5,2,0.4,3,6.01,12.63
0.64,739.3641217550281,340.10152982988876,195.2205662196132,3.5,5,0.25,2,16.14,24.37
0.9,670.0952030642092,345.4564113272118,171.8159152055619,7.0,5,0.0,0,16.72,22.76
0.68,637.4889915670135,342.547949324133,220.64723301925738,3.5,3,0.1,3,17.09,23.8
0.86,762.5921815529938,269.58423632214397,110.45845587825681,3.5,2,0.25,3,6.01,11.77
0.64,562.6596626139285,263.6970797276672,171.83421400628046,3.5,2,0.1,4,19.25,24.54
0.74,686.0004951092591,293.97566039516477,220.81617845064636,7.0,2,0.1,2,25.49,31.61
0.98,509.6133122039064,272.00890540201516,123.26233541498121,7.0,3,0.4,5,20.44,27.41
0.94,799.8673949406829,363.73962716032463,110.29490082455533,3.5,5,0.4,0,6.01,12.58
0.82,582.1439191331136,423.0718231160316,122.46677931534818,3.5,2,0.25,4,17.57,22.98
0.76,689.8589808861783,268.02933522395415,120.37013342168372,7.0,2,0.0,0,21.29,30.23
0.98,511.233520110703,269.68077303199743,122.63907821778622,7.0,2,0.0,0,14.29,22.57
0.64,662.1430872520249,271.4119740490692,174.73260008544383,7.0,2,0.25,5,35.0,39.58
0.74,661.7278194057095,295.87022141483976,218.35007074454836,3.5,5,0.1,0,9.3,17.22
0.71,696.5355926160302,293.8633591296396,108.95915099201089,3.5,3,0.25,1,13.58,17.53
0.9,708.5847791813777,419.13954822855845,109.14400113430517,3.5,5,0.4,4,12.27,18.91
0.98,563.3991167414937,317.8060971712109,194.84716084733031,7.0,5,0.4,2,21.11,27.93
0.9,585.9644651562292,392.36035664922537,122.09235374975886,3.5,5,0.4,2,13.98,22.04
0.9,590.634489618329,271.03047240674556,112.79514032585713,3.5,4,0.1,1,6.01,12.24
0.71,735.3192658251411,315.08485583433276,171.9757963776043,3.5,5,0.1,3,9.32,20.0
0.64,707.7617094731431,368.728908356052,110.96394551853385,3.5,4,0.0,0,18.32,25.89
0.71,591.6141344749276,392.33539747461015,191.9339985286599,3.5,2,0.1,3,22.16,26.55
0.9,671.4842510934443,246.22018240838335,145.0762302755881,3.5,2,0.25,3,6.01,10.9
0.66,810.8731672700709,396.4014880089538,197.2324515575871,3.5,5,0.4,5,21.12,27.62
0.68,814.0508697046905,415.75463123333446,194.34696965750788,7.0,4,0.0,0,27.4,34.05
0.86,707.8262166457783,343.88491436712644,173.86850683206293,7.0,2,0.25,4,21.15,30.34
0.82,558.668079653659,241.07718655795895,192.34088990713508,7.0,4,0.4,2,28.28,32.52
0.76,637.0759147127021,242.07558027223146,196.04571501969025,3.5,3,0.1,4,8.23,18.09
0.76,708.86131424866,341.2958311370156,112.40036079394746,3.5,5,0.1,0,8.11,14.75
0.62,591.6547948818811,341.0480205178948,121.03346263239165,7.0,5,0.0,0,35.39,41.92
0.62,684.4469654255022,415.1326370638522,221.840697405804,7.0,4,0.0,0,34.32,43.58
0.62,726.0413529008307,244.9404168565763,122.94871111548626,7.0,4,0.4,5,34.39,41.72
0.71,656.692510008143,341.9346350335285,221.32964896407174,3.5,3,0.25,1,15.34,24.13
0.9,506.5840633551515,269.84342787938647,199.1468242950517,3.5,5,0.4,1,10.62,13.42
0.82,610.3808228905032,366.3649443522007,196.29063611065146,7.0,4,0.25,2,29.58,35.92
0.68,687.0848639501844,291.1574565790458,196.56986613936962,3.5,3,0.4,1,17.83,27.8
0.74,570.07735522685,370.99911163700773,148.06195132392818,7.0,5,0.1,2,32.27,39.05
0.64,688.5953111180246,291.0675760891838,196.08514068275807,3.5,4,0.0,0,14.48,22.89
0.66,666.2440654823581,341.5726136679853,120.84777601657092,3.5,2,0.0,0,14.36,20.65
0.86,732.3287986401854,294.4527328908752,122.86909060467869,7.0,3,0.25,4,19.59,25.99
0.98,807.3092353247807,369.2523944544564,148.22773269228156,7.0,3,0.25,1,10.51,21.76
0.9,578.0720184204899,317.97328731657024,123.168920128194,7.0,4,0.4,4,26.96,31.63
0.82,683.4541611503752,388.91778934542197,121.75346350811738,3.5,4,0.4,3,14.07,23.84
0.71,563.7436957701439,360.82794053291616,171.5008359275563,3.5,3,0.1,3,18.95,25.43
0.82,582.9717700680402,392.2937412128259,120.7019748892314,3.5,5,0.25,1,14.71,22.08
0.86,613.104309395132,389.39362475852147,146.89787866977002,3.5,4,0.25,3,11.57,21.19
0.62,761.8567624541387,293.44839210055017,110.62646654540227,7.0,4,0.4,1,35.74,40.25
0.94,574.527647841327,395.59801034278473,198.79706054941434,7.0,5,0.25,4,26.49,33.13
0.94,614.3268546110766,241.64002570918515,109.9027419335247,7.0,5,0.0,0,8.78,18.55
0.76,593.0508122676358,363.86795104257936,124.56761075201725,7.0,4,0.25,2,32.52,37.88
0.74,643.5435833946115,297.2613070860472,110.88048985314171,3.5,3,0.4,5,16.33,22.74
0.98,517.3242117930006,347.9073934184074,196.16821297577698,3.5,2,0.0,0,6.01,10.9
0.82,755.6635231273971,244.6555932537228,172.63354345236837,7.0,2,0.0,0,12.23,26.49
0.9,684.8547322168395,364.4941294299125,172.0780249110647,3.5,2,0.4,5,9.6,16.37
0.76,667.6390171672567,343.17135352165354,196.5696505572473,7.0,4,0.25,3,29.28,37.98
0.9,705.4268181251165,243.0246705019631,171.12815103810246,3.5,3,0.4,3,6.01,10.9
0.62,610.298703978068,265.79159261190864,223.0086767215147,3.5,2,0.0,0,16.24,26.48
0.71,760.6624330920969,321.2044895994282,151.37018979007223,3.5,3,0.0,0,6.01,17.89
0.74,707.894990304964,247.43416435975146,113.00734283460717,7.0,5,0.4,5,25.64,34.23
0.76,810.645890599375,296.4949126768547,221.18332046390526,3.5,5,0.25,5,6.1,13.28
0.68,755.9078433369016,394.8199424542785,109.4709144108337,3.5,2,0.25,1,17.85,25.93
0.76,560.2324440033348,321.02811805609537,146.21379249932426,7.0,3,0.0,0,25.87,32.88
0.9,616.9477061558451,364.8090830877027,111.94917052907577,7.0,2,0.4,5,29.33,35.97
0.86,759.9223339319498,364.29223651873474,220.67286037817507,7.0,3,0.25,5,20.58,27.42
0.74,808.366974474815,269.49722012130957,219.45715591183074,3.5,2,0.25,2,6.01,15.06
0.98,817.9801874757696,342.6275223775995,168.87625195363952,3.5,5,0.25,1,6.01,10.9
0.86,562.293286137985,315.4100831756692,220.5921584432663,7.0,2,0.4,2,26.93,36.45
0.66,659.8618093796588,316.85421368999226,150.34672789230504,7.0,2,0.1,5,32.02,37.5
0.71,630.0892201536227,317.727138543467,122.36073309339979,3.5,2,0.1,0,13.57,21.66
0.68,603.9587691980903,295.38460972383433,125.19677274397631,3.5,4,0.0,0,14.19,21.43
0.94,560.7095682493166,341.7253027323916,198.11604477623163,3.5,3,0.0,0,6.01,10.9
0.94,690.1807282785288,371.86114229063844,106.38272591798065,7.0,4,0.0,0,13.4,22.45
0.66,657.3126599193673,272.07545551575873,111.92121605023993,3.5,2,0.4,0,18.28,28.77
0.76,607.5397821961143,390.3389145405936,219.67074619885628,7.0,2,0.0,0,27.3,33.46
0.9,692.3023648117653,393.3801630243393,171.95301070423056,3.5,5,0.4,2,8.56,17.79
0.64,657.4904539777502,237.63507937617817,197.11204419368457,7.0,3,0.4,2,34.55,42.12
0.66,806.8155243660743,319.4080939831302,110.65535672677038,3.5,2,0.25,3,13.75,19.9
0.64,763.2671684662366,316.7858852391413,173.02004588488208,7.0,2,0.0,0,25.91,34.62
0.64,659.4088360722254,243.45829812005348,120.10209720401225,7.0,4,0.4,5,35.88,37.24
0.9,512.3557603719696,319.74751050885817,221.56297937629333,3.5,4,0.25,3,12.02,18.37
0.64,730.6528362598157,269.2706646183145,194.4892328453125,3.5,3,0.4,1,18.76,26.53
0.74,587.9730425013656,340.31915649503185,169.82659905316572,3.5,3,0.1,1,15.35,19.62
0.64,703.5930756272387,313.9188768175386,219.49307531219787,7.0,3,0.0,0,29.36,33.46
0.62,594.2627036551462,389.66294173544003,194.46987533417814,7.0,5,0.1,0,41.49,44.41
0.68,632.6561182450317,295.08307543542827,222.4362053275531,7.0,3,0.4,5,35.98,42.77
0.66,593.5658914665036,266.22067731819965,217.5590208975375,3.5,4,0.4,1,20.38,27.48
0.9,762.7952717195672,413.63451670032634,198.71286742033146,7.0,3,0.1,0,18.23,26.15
0.68,782.0748159878689,239.39599433998777,110.40914706988433,7.0,5,0.4,4,29.27,34.6
0.74,561.9366577713382,319.9270880966378,194.39685212384265,7.0,2,0.25,4,34.66,39.92
0.62,765.1482727436015,392.4706434432823,169.22383807808697,3.5,5,0.0,0,15.31,26.07
0.9,515.55151520111,267.9467276583333,147.43560467949746,3.5,2,0.0,0,6.01,10.9
0.76,683.8964438470407,268.2301232749258,108.2389599709694,3.5,5,0.1,4,6.01,17.48
0.9,609.1556198277849,314.1138994496972,172.8737242545729,7.0,2,0.4,3,23.15,31.53
0.66,714.4990314641008,386.90174316470694,125.52216039027026,3.5,5,0.4,4,21.43,31.99
0.64,806.0505363493016,368.00271031740294,198.32451919501133,7.0,3,0.4,0,35.62,40.14
0.62,808.2686939136682,294.34230447667954,108.87016804394214,3.5,5,0.1,2,11.66,23.12
0.62,735.8979122973159,270.2564665170029,125.02202795316002,3.5,3,0.1,0,13.96,22.79
0.64,637.2666083421441,267.49185239603935,112.7585697782138,7.0,3,0.1,2,32.03,39.01
0.64,567.6070032349588,365.74075455333366,170.26045574349226,3.5,2,0.4,1,29.24,32.97
0.82,766.255078762435,338.46241310410335,146.28976686911378,7.0,2,0.0,0,14.09,26.85
0.76,513.0202416100414,297.276308883058,217.5470727167564,3.5,5,0.25,1,17.71,23.86
0.9,750.0361891120498,343.9344725763934,110.8611287687141,7.0,2,0.25,0,14.87,25.62
0.74,559.8843435099137,415.69808519687524,216.85575175404233,7.0,3,0.4,1,42.32,43.88
0.86,757.5877380116535,263.5721101003251,146.87676391041546,3.5,2,0.0,0,6.01,10.9
0.74,747.4688092449505,411.87995567602775,146.1568118748848,7.0,5,0.4,2,34.7,38.43
0.66,721.9782653239265,341.42362475737934,147.41695639959724,7.0,4,0.4,3,37.59,42.12
0.98,787.8327567716889,349.04269142343395,172.77495494389822,7.0,2,0.0,0,6.01,16.86
0.9,680.8184537631312,293.38961657675907,106.29158828151867,3.5,3,0.1,5,6.01,11.05
0.62,609.5855663931198,396.5463344250567,221.26346833792502,7.0,2,0.1,2,40.8,44.67
0.68,592.9972892754769,367.25351734243003,149.36836203273444,3.5,2,0.25,5,25.11,30.34
0.64,807.915634358169,369.3332536903366,196.58040244917007,7.0,4,0.25,3,33.29,38.05
0.82,724.0280876508999,396.79841282034135,221.523557957301,3.5,4,0.1,5,8.75,17.95
0.86,563.80954052015,243.10915159766165,106.7338896171256,7.0,5,0.1,4,19.31,27.0
0.68,558.2412478495387,262.70881417211075,109.1557157224071,3.5,4,0.25,0,19.33,28.08
0.82,583.0044018041979,389.99559220990517,120.93745500061121,3.5,4,0.1,1,13.0,19.14
0.64,590.3071241647926,346.9028245390951,148.4501462799624,7.0,5,0.25,0,41.54,45.49
0.86,800.360570305224,292.4696377815634,172.95903870197242,7.0,2,0.25,3,16.01,21.92
0.94,742.2562732847731,242.78175670519192,220.37285292162775,7.0,2,0.0,0,6.01,15.08
0.86,652.0514767862354,368.12974660195044,219.9725299247373,7.0,2,0.1,1,21.0,29.22
0.98,700.5653934413583,414.4142420567237,122.7825820548142,3.5,2,0.4,3,6.01,14.73
0.68,511.56418200107345,244.4759931796672,171.55058139866935,3.5,2,0.4,1,24.21,31.24
0.9,734.9632267317559,416.85579660319786,170.34093884484784,7.0,4,0.0,0,15.55,25.54
0.82,807.1166411414043,341.22535837698354,120.54907994464797,3.5,3,0.1,4,6.01,11.11
0.76,581.6452413945386,317.36426077036054,196.36759874598687,7.0,4,0.25,4,31.58,37.54
0.82,582.7587441814047,269.8258705023315,220.15851939897144,3.5,2,0.1,1,6.01,15.87
0.9,705.8001608542496,417.6799531224017,221.72448002981383,3.5,4,0.25,0,6.55,16.11
0.68,561.1496425020565,420.61235926019526,223.35891648559766,7.0,2,0.0,0,38.66,43.26
0.62,812.4320310599791,292.3213611441316,216.64043953638995,3.5,5,0.1,5,11.77,23.68
0.76,581.8909645341827,249.68960437877897,149.79489592087387,7.0,3,0.4,1,30.66,34.2
0.98,594.8923367772691,291.9854633790584,122.70803642792603,7.0,5,0.4,1,18.46,25.23
0.68,755.5150533412656,245.4902952817614,111.74089456411386,3.5,2,0.1,1,8.03,18.35
0.76,582.5787812319414,294.36819648491485,220.20210541020055,7.0,4,0.1,5,28.8,33.43
0.76,584.3102072183749,393.90369076146675,122.27205175325844,3.5,4,0.4,4,21.63,28.67
0.68,792.555144045954,320.0718815362302,147.88465662199798,3.5,4,0.4,4,16.28,24.05
0.62,716.1490142581978,267.2165102762041,171.71963185768408,7.0,2,0.25,3,35.81,38.13
0.76,767.5799703128162,345.47808637512037,220.4385569027905,3.5,3,0.0,0,6.01,15.33
0.62,785.5990485511996,270.06854858943177,148.26737106394611,7.0,2,0.4,1,32.23,41.62
0.94,786.8374436056499,339.8987953998758,219.60407732310006,7.0,5,0.25,1,10.94,22.14
0.64,685.7374746573067,272.5685244146523,220.11910762814156,3.5,5,0.0,0,12.22,23.05
0.74,728.7712877488317,369.06753021063156,106.7118993925212,3.5,5,0.0,0,8.57,18.43
0.74,734.5026644749826,241.26569937749244,122.44703274342234,3.5,2,0.25,3,7.73,16.63
0.86,703.3476021780626,345.7027877027516,109.18398350072707,7.0,4,0.25,0,21.18,25.24
0.71,756.9527567166449,389.7317272135481,173.234566820174,7.0,5,0.0,0,25.83,34.15
0.64,518.5282027085351,317.3214770895551,107.26735957731756,3.5,3,0.25,2,28.03,32.91
0.94,814.6117453353655,371.980422640419,151.2379502938362,3.5,4,0.0,0,6.01,10.9
0.74,656.8253957529688,288.39593313876173,221.08516976286325,3.5,4,0.4,2,14.46,26.15
0.66,616.4073044792889,412.48005824811287,171.83702680466686,3.5,3,0.0,0,20.45,28.55
0.62,814.3859248159217,245.4102399421977,220.75437787751423,3.5,2,0.4,2,14.77,24.94
0.94,766.709712009763,335.69406300465135,148.3683264172179,3.5,2,0.25,4,6.01,10.9
0.76,557.925889063238,248.59073284628406,224.22251474796107,3.5,5,0.1,5,10.0,16.56
0.94,589.4550343123191,245.94092110222346,111.58206914677972,3.5,3,0.0,0,6.01,10.9
0.74,639.0290169176787,301.8644243594355,121.42796284243923,3.5,3,0.4,4,17.31,25.49
0.71,609.7740687763684,268.2540354330691,111.75303934737232,7.0,5,0.1,4,29.38,33.46
0.68,594.4934870015846,326.2927502081173,145.04890694418586,7.0,2,0.1,2,34.45,38.33
0.62,609.0114054805088,343.32118086087564,110.57026607309037,7.0,3,0.25,0,41.71,43.44
0.71,738.9198382560847,290.1955690451055,195.79634986847915,7.0,5,0.25,0,27.64,33.53
0.66,511.82712618988245,316.2878602895061,108.58163030253475,7.0,3,0.0,0,34.84,41.87
0.62,663.7548131738824,370.5201902136812,108.28264842474684,3.5,5,0.25,0,22.1,32.9
0.68,763.0203771896408,410.28055344360257,121.15024300713976,3.5,5,0.25,4,20.92,24.72
0.62,711.005167439914,319.90873669069515,218.71211523464297,7.0,3,0.4,4,39.76,44.54
0.68,607.0047762422256,267.57249584991774,111.61745822444115,7.0,4,0.1,1,28.3,36.88
0.71,675.4316722872013,269.0432084997475,173.09813624503278,7.0,4,0.1,0,25.8,33.24
0.64,588.5581501062159,273.23369548106575,200.46299782205548,7.0,4,0.4,4,40.04,43.67
0.94,516.9644198592594,394.50080961451204,172.26729828983753,3.5,2,0.0,0,6.01,14.57
0.9,731.758498363278,269.3529424885551,111.3523195488463,7.0,5,0.1,3,11.58,21.1
0.9,708.27174848485,398.16145607025976,193.31988621927837,3.5,5,0.1,1,6.01,10.9
0.76,814.7935472909913,296.05757345582526,216.19253885241707,3.5,3,0.4,5,12.0,17.58
0.62,588.4713964680714,241.8909053476037,199.18080713714727,3.5,2,0.0,0,14.5,24.71
0.71,783.5856713207661,419.0661708487145,120.05372237118115,7.0,2,0.25,0,31.66,38.59
0.74,731.6778140894733,388.9186477273436,110.05409450802965,7.0,5,0.0,0,26.23,34.42
0.94,730.8145493319248,343.5988312552083,112.43835909504296,3.5,4,0.0,0,6.01,10.9
0.98,739.5253327417977,391.5968567954598,151.98436799720136,7.0,3,0.25,4,14.84,23.05
0.64,686.5828925600623,293.869411600486,109.42059522654607,7.0,4,0.4,4,38.11,40.82
0.76,658.4202190324329,266.4288074387585,123.67727091959254,3.5,5,0.4,4,14.58,20.89
0.94,696.265700918706,395.8874812153181,111.38285005597554,7.0,2,0.1,0,15.16,26.31
0.82,784.0428800100121,270.4926379642705,114.89200799212361,7.0,4,0.0,0,12.26,19.34
0.94,514.4705145033495,321.1015622384832,121.50529125717182,7.0,2,0.25,2,22.9,30.91
0.62,741.0100126923401,415.8517943920615,173.30836449394943,3.5,2,0.1,2,19.17,30.52
0.76,615.3038467450758,298.6459178850721,147.64043315589765,3.5,4,0.0,0,7.73,16.99
0.98,658.3798625084219,392.3446721235061,145.41341133629723,3.5,2,0.25,1,6.01,10.9
0.74,561.7577031343105,415.9194962225047,108.99950047977023,3.5,4,0.25,3,21.68,29.07
0.82,738.5311548738354,294.6839734911272,145.824287390184,7.0,5,0.0,0,14.84,24.74
0.66,561.8480810189503,243.21217790804727,195.85482957919544,7.0,3,0.0,0,29.28,34.78
0.68,735.2483016690829,272.49010412271855,196.48878049168422,7.0,3,0.1,3,25.7,34.07
0.86,686.6059635239216,249.41793221593286,147.28471848587174,3.5,2,0.25,5,6.01,11.98
0.71,763.2597883140573,340.5571844615999,220.58765759892086,7.0,3,0.4,3,33.07,37.75
0.66,664.9166225575805,343.1909471844896,146.25644197695303,3.5,5,0.0,0,16.86,21.95
0.68,732.5550385521076,365.65278762537235,111.69918355744625,7.0,4,0.25,1,33.29,38.66
0.82,632.4099046918052,294.4302797005725,124.24304877217587,3.5,3,0.25,1,9.71,17.63
0.98,586.6994877508675,314.597471079131,108.28024430138795,3.5,5,0.1,5,6.01,12.0
0.66,638.8120573143773,364.70734426889044,223.55485877376037,3.5,3,0.25,1,21.24,29.37
0.82,581.6107584146844,320.735834990229,141.57477487237912,7.0,4,0.0,0,21.97,31.28
0.76,761.184849251239,387.5737657967179,173.54502558739202,7.0,3,0.1,3,27.86,35.27
0.64,609.8003064610917,363.48962424237646,219.72907188555766,7.0,5,0.25,4,41.34,44.24
0.94,566.3032625978939,400.04936965015065,108.87881827294188,3.5,4,0.25,2,8.22,12.74
0.98,685.5645763692843,397.639623648263,196.3860163806641,3.5,4,0.25,4,6.01,10.9
0.82,734.8575423617008,391.447902802403,142.02435588487535,7.0,3,0.25,2,27.35,31.23
0.62,731.2202464665404,295.0813250288783,199.5340489887917,7.0,4,0.4,5,36.1,43.06
0.94,634.7683396061641,389.2803768048277,173.85246112781368,7.0,4,0.1,0,17.68,24.54
0.74,717.4488206697317,240.9643709875742,109.4755012680421,7.0,2,0.1,3,19.51,29.41
0.64,613.2045882411738,294.4530987271654,219.21936248164116,3.5,3,0.25,1,21.78,26.67
0.68,710.0401576689848,339.7542568938606,171.34445459947116,7.0,2,0.25,5,33.01,37.38
0.94,761.605424951099,293.28221938599165,111.59148765086577,3.5,2,0.1,4,6.01,10.9
0.66,774.7118968532984,414.7039374104149,124.33649850745921,3.5,3,0.4,4,22.4,29.86
0.71,804.4976945822784,291.8313443967715,121.80140906358956,3.5,5,0.25,3,10.32,16.77
0.86,560.4181728540883,270.3566676686212,108.95252639063882,7.0,2,0.1,2,20.31,28.44
0.62,610.4339666457682,286.59442595962497,123.6095015088705,7.0,4,0.1,1,33.53,41.45
0.76,592.7564608180129,239.7651569399965,169.88527006298,7.0,2,0.0,0,22.38,31.9
0.98,564.0556468764826,292.6702096055463,195.4228497656918,7.0,4,0.1,5,14.71,22.62
0.62,512.3397809287761,372.92277096657693,195.71268094020576,7.0,4,0.4,4,43.1,48.0
0.82,618.6769194706095,351.33989087267065,169.42401729002154,7.0,5,0.1,2,24.18,32.74
0.76,565.4801608977147,267.4589505264918,193.55897692946,7.0,3,0.4,1,31.19,37.46
0.76,772.4926414116501,247.1828410510284,111.94215134938344,7.0,5,0.4,2,23.13,32.56
0.74,764.0327207855498,318.71675614471377,121.9871948889354,3.5,5,0.25,1,7.9,16.88
0.9,614.6933398127914,273.9344191417016,124.52647577486998,7.0,3,0.25,1,17.42,29.26
0.66,558.985955365186,418.677794094726,216.83287157202582,3.5,2,0.25,0,27.91,33.17
0.94,758.9305540361648,243.90296875240844,111.25854149607677,7.0,3,0.1,4,8.37,16.8
0.74,641.6979868593593,338.3861382187825,222.45752176301468,3.5,3,0.0,0,9.78,17.46
0.62,644.3793957525198,268.465456699207,145.6332730783943,3.5,4,0.0,0,15.19,21.38
0.68,710.4794562289504,275.1414676847067,172.2468730351708,3.5,2,0.25,1,12.42,24.64
0.62,685.6515941855854,367.90557102296214,146.34753259111727,3.5,4,0.0,0,18.2,26.64
0.82,592.7831140586775,363.3113645568749,111.818292832707,3.5,5,0.0,0,7.0,16.85
0.94,591.6061327187437,341.6809001471926,194.8091535942479,3.5,3,0.4,1,6.7,16.66
0.9,520.7285433208483,340.83570860783914,197.27770086840403,7.0,3,0.25,2,28.15,34.38
0.62,512.0628589374503,395.18629934359416,171.31637688547286,3.5,5,0.4,4,35.45,39.29
0.68,750.3515909239596,320.34790101814053,197.22634800378313,7.0,3,0.25,4,31.14,36.43
0.66,738.7670218543959,270.3403720072589,192.0906380088025,3.5,5,0.1,4,12.34,21.05
0.68,663.8627869969191,267.1570908785195,119.01087009620393,3.5,4,0.0,0,8.42,18.75
0.66,613.0095604294146,395.1961288167788,109.73390896877768,7.0,4,0.0,0,33.72,39.96
0.94,763.9719709015066,313.49993259567634,174.20152218679837,7.0,3,0.1,5,10.09,18.05
0.86,612.4201027855804,417.1835482233007,120.44701144762082,3.5,5,0.0,0,8.03,17.66
0.98,762.9731594404044,343.90310756401703,125.36921079859212,7.0,2,0.0,0,6.01,17.64
0.66,712.8002116193023,365.4429752472296,222.14059674901793,3.5,2,0.4,0,21.15,28.0
0.66,571.7276052935115,273.08635813525893,122.66488353326969,7.0,5,0.25,2,35.72,41.81
0.98,786.9089088531418,319.6921910703777,108.75508869208358,7.0,2,0.1,4,6.52,17.16
0.98,636.4593050480429,370.836301857664,222.93585428394903,3.5,3,0.1,4,6.01,10.9
0.94,514.2036598869983,273.4794003464157,175.27922000927896,3.5,4,0.4,1,9.8,15.01
0.94,613.2937802546877,321.9680200083534,222.05129298558748,3.5,3,0.25,0,6.01,14.52
0.98,666.0105375937155,246.55169015083217,223.03369448113426,3.5,2,0.0,0,6.01,10.9
